TrackingId,frameDate,SkeletonName,SkeletonX,SkeletonY,SkeletonZ,RelativePosition,
437,1.45E+12,Maria,0.320377856,-0.130477548,1.77224195,Front,0.232241394,0.260271717,0.217881421,0.229726989,0.198008766,0.175569577,0.325858676,0.18758903,0.284774663,0.057414425,0.099812774,0.101891235,0.141201448,0.318950015,0.288677442,0.329770765,0.262530544,0.065598166,0.073765662
437,1.45E+12,Maria,0.314572036,-0.127844647,1.775229335,Front,0.231045327,0.259134455,0.205282941,0.231645368,0.201019006,0.175337159,0.32968093,0.186731919,0.282366105,0.056268617,0.101541756,0.102492159,0.142666639,0.319047163,0.290431725,0.316585196,0.279043287,0.082459219,0.078811779
437,1.45E+12,Maria,0.289889157,-0.031780977,1.747723341,Front,0.204255826,0.207844125,0.239960507,0.254491026,0.208018246,0.211512198,0.382356942,0.170428757,0.273559917,0.05579473,0.113901844,0.120076312,0.159494667,0.32793114,0.317729805,0.312006064,0.300095683,0.077268118,0.092017439
437,1.45E+12,Maria,0.278562874,-0.029489564,1.733264923,Front,0.211485232,0.196697681,0.24907951,0.256771387,0.207226021,0.202194004,0.375008487,0.176700294,0.270338587,0.054166403,0.116350559,0.115257449,0.157234575,0.322282843,0.313250427,0.311817248,0.305625538,0.081059787,0.085288677
437,1.45E+12,Maria,0.290595353,-0.031664725,1.73367238,Front,0.209620605,0.211796101,0.249894605,0.185924361,0.207651413,0.195742607,0.373970303,0.179799937,0.265720273,0.053829168,0.115859645,0.114683133,0.157360095,0.316063637,0.321382585,0.320973134,0.300088037,0.080824046,0.079913081
437,1.45E+12,Maria,0.292419106,-0.032052372,1.734193087,Front,0.214206866,0.21108106,0.257566972,0.182313832,0.204122364,0.194753433,0.371824919,0.181749442,0.263850814,0.053576574,0.115224792,0.114202583,0.15718568,0.31440136,0.32242525,0.320312571,0.301452402,0.080576685,0.078667662
437,1.45E+12,Maria,0.28658849,-0.034906063,1.733215094,Front,0.215795575,0.195618776,0.25781737,0.197621292,0.210906899,0.184365348,0.368851434,0.181094228,0.265772419,0.053573223,0.114676585,0.112498532,0.156122371,0.353631222,0.281082367,0.317267783,0.302415597,0.080264377,0.078852899
437,1.45E+12,Maria,0.292484254,-0.038696699,1.733186364,Front,0.208754641,0.210548197,0.250825885,0.185850846,0.215023586,0.181052804,0.367330208,0.178773959,0.271251581,0.054101708,0.114814915,0.110899659,0.154681981,0.309889685,0.324100508,0.315664039,0.299604164,0.080047732,0.079950692
437,1.45E+12,Maria,0.27156052,-0.040231042,1.742108345,Front,0.215809991,0.209031925,0.241869866,0.229864412,0.210127907,0.194329654,0.369673044,0.176588881,0.274759798,0.055000808,0.115410638,0.111802176,0.155160012,0.328296363,0.299825134,0.318845925,0.301177763,0.080127297,0.080292554
437,1.45E+12,Maria,0.255613983,-0.049918074,1.756297708,Front,0.213674374,0.27035731,0.211788387,0.216140053,0.202084993,0.201719327,0.363800445,0.173493621,0.284872494,0.057846715,0.118165796,0.109298952,0.156699661,0.375126625,0.277950996,0.331902563,0.270279311,0.082407486,0.080169114
437,1.45E+12,Maria,0.260447502,-0.067588016,1.793097377,Front,0.223197467,0.242594402,0.197486636,0.213484072,0.199199308,0.197445726,0.342529584,0.164432688,0.301903508,0.060823034,0.108707676,0.106256164,0.14783505,0.336007739,0.3784306,0.31323158,0.274304258,0.08022572,0.080241824
437,1.45E+12,Maria,0.220040381,0.037066791,2.65966177,Back,0.252148933,0.285367155,0.240297087,0.275312639,0.195390269,0.196516287,0.323219964,0.175658042,0.321013099,0.064646098,0.100363288,0.101050617,0.140160651,0.406214394,0.360411871,0.410517207,0.376066657,0.080677002,0.079847848
437,1.45E+12,Maria,0.610753119,0.071832709,2.792425871,Back,0.211054679,0.243290922,0.206513973,0.229271203,0.220406092,0.178749872,0.325539133,0.168775229,0.323026652,0.065925871,0.104003694,0.103763162,0.14739598,0.42334514,0.331758427,0.417010867,0.345272704,0.079974249,0.066810804
437,1.45E+12,Maria,0.606082678,0.068766914,2.80367136,Back,0.215985311,0.268134495,0.223254704,0.19812698,0.210372056,0.186385534,0.321705256,0.168938161,0.326486905,0.063942613,0.094905164,0.104438955,0.142305911,0.417682199,0.337320913,0.417513603,0.330775531,0.081640441,0.06919793
437,1.45E+12,Maria,0.587015271,0.068012588,2.814259052,Back,0.200163168,0.21458897,0.214690913,0.211545132,0.204017793,0.191499612,0.324547036,0.173232214,0.321058796,0.063628577,0.096964742,0.106404289,0.141257303,0.422669862,0.325417589,0.416140014,0.325944927,0.069901575,0.078627384
437,1.45E+12,Maria,0.593812704,0.065540075,2.818651199,Back,0.200659479,0.268571575,0.215367455,0.211731885,0.213483811,0.177248388,0.321558897,0.171598152,0.32331959,0.06534891,0.101535103,0.102968515,0.141734973,0.430195969,0.284363788,0.41835666,0.326652017,0.077048316,0.074865532
437,1.45E+12,Maria,0.597374618,0.056101803,2.822027922,Back,0.199637488,0.270949738,0.2251526,0.21847802,0.216341266,0.171367405,0.316744354,0.17157307,0.3280236,0.067110199,0.102786769,0.098756959,0.140997846,0.424763221,0.323386438,0.423172201,0.326347515,0.065077774,0.065047201
437,1.45E+12,Maria,0.58917135,0.045091063,2.823839426,Back,0.202750489,0.17566209,0.216692453,0.197905569,0.183922945,0.198167362,0.316071298,0.168228612,0.321995379,0.064729147,0.096854732,0.103075136,0.140888237,0.358719404,0.274552234,0.41419155,0.329841466,0.101212738,0.067059602
437,1.45E+12,Maria,0.586853564,0.043682009,2.824483633,Back,0.205196624,0.158043731,0.217308255,0.204731702,0.181942072,0.190326792,0.315867625,0.176859437,0.313625287,0.063133375,0.099928417,0.102124202,0.140902407,0.354163472,0.320093915,0.412280749,0.32949023,0.08060841,0.069377481
437,1.45E+12,Maria,0.587860584,0.033478998,2.830761433,Back,0.233383591,0.210454125,0.209839977,0.20184184,0.173861477,0.184591294,0.289711233,0.176375697,0.321873114,0.064695856,0.094593343,0.096765196,0.134106923,0.383396094,0.311098797,0.426265996,0.308608608,0.082468721,0.067630292
437,1.45E+12,Maria,0.231385008,0.022081584,2.401457787,Back,0.221900785,0.236612731,0.188286966,0.278597077,0.20030994,0.207912811,0.369231767,0.171814685,0.287524173,0.058021611,0.116482688,0.114544398,0.160783938,0.368717642,0.380453207,0.358158092,0.379935126,0.082557569,0.079039309
437,1.45E+12,Maria,0.223032072,0.018553432,2.359323263,Back,0.227563438,0.240799181,0.194018204,0.276377893,0.198148639,0.209246354,0.362772772,0.17088588,0.299354348,0.059887861,0.111296045,0.115719969,0.15857894,0.336365749,0.384028539,0.374479413,0.378607762,0.080516041,0.091816802
437,1.45E+12,Maria,0.194399461,0.000734995,2.337234259,Back,0.227291164,0.28203628,0.195132633,0.257284941,0.197042228,0.204993255,0.35840035,0.174657687,0.287852384,0.058510533,0.104961185,0.12168695,0.157536544,0.361017832,0.38146972,0.423035389,0.345086441,0.081034076,0.081154723
437,1.45E+12,Maria,0.171389222,0.001944152,2.326945782,Back,0.207162975,0.277770877,0.207642748,0.238629127,0.210688882,0.205351125,0.372160319,0.174715854,0.29089216,0.057988398,0.120461201,0.110959752,0.161724913,0.358386965,0.384413317,0.388235433,0.390897529,0.0788785,0.083158921
437,1.45E+12,Maria,0.166643754,0.00412076,2.329576254,Back,0.221764952,0.27618015,0.223620876,0.260764344,0.214290443,0.185938029,0.360325537,0.173381435,0.288048137,0.05854835,0.113092695,0.112551633,0.154577202,0.349096391,0.38315593,0.394065446,0.376611305,0.089786892,0.080033203
437,1.45E+12,Maria,0.169580832,0.000212895,2.332129955,Back,0.217020911,0.253115171,0.215723754,0.232903938,0.225033847,0.17755841,0.363726032,0.183031694,0.287501633,0.058325685,0.113254451,0.112378512,0.156240811,0.352220779,0.38266618,0.395979474,0.367362976,0.081963829,0.087605198
437,1.45E+12,Maria,0.170516476,0.001049007,2.335708618,Back,0.233038917,0.249754774,0.20711964,0.20535811,0.212630376,0.196057342,0.364677697,0.183563683,0.291534783,0.058244012,0.114611003,0.112893268,0.158716719,0.356843569,0.383431045,0.414276151,0.357739112,0.078167752,0.08270163
437,1.45E+12,Maria,0.168686509,0.003532412,2.33630991,Back,0.234392318,0.251048814,0.199733943,0.218529195,0.191387263,0.213059934,0.359169119,0.183114418,0.293095318,0.058341424,0.114076186,0.113779671,0.158997926,0.389808299,0.376353356,0.382059008,0.385092106,0.06362555,0.079373469
437,1.45E+12,Maria,0.171501547,0.001588717,2.337833643,Back,0.215600903,0.257930158,0.195062051,0.257402342,0.190157744,0.20799264,0.357141631,0.183519934,0.289628234,0.058771383,0.112179854,0.114420832,0.158380677,0.375089117,0.380750425,0.369969845,0.390051083,0.071996987,0.086613616
437,1.45E+12,Maria,0.171237662,0.003477314,2.336384773,Back,0.215450791,0.252634912,0.205266223,0.278500373,0.193233514,0.204637267,0.35844969,0.182875953,0.288796448,0.059041112,0.113515472,0.114150688,0.157982002,0.374142461,0.376252478,0.400920804,0.367973761,0.076676713,0.087689878
437,1.45E+12,Maria,0.172127068,4.62E-05,2.33841157,Back,0.223050827,0.251992046,0.206528124,0.280768182,0.194462965,0.205349024,0.360264618,0.18149721,0.286868044,0.056761948,0.112496756,0.115152446,0.159378203,0.379421253,0.380210591,0.399639668,0.374993821,0.071650842,0.083323466
437,1.45E+12,Maria,0.167554229,0.007006732,2.336559534,Back,0.210731167,0.253929945,0.252027876,0.201199095,0.189775478,0.211964679,0.360482804,0.179586777,0.285046089,0.05740482,0.111632853,0.116190669,0.157947763,0.380582894,0.377962032,0.39184172,0.381925541,0.071620075,0.078340006
437,1.45E+12,Maria,0.16988638,0.003030384,2.337996721,Back,0.221983555,0.270489336,0.241533682,0.214489604,0.189817115,0.211220308,0.359652581,0.179780979,0.285634618,0.058226252,0.111231508,0.115940578,0.158488983,0.380235057,0.381922088,0.38741556,0.384139609,0.074712534,0.081877149
437,1.45E+12,Maria,0.169685006,0.005435794,2.336105347,Back,0.21706209,0.252821255,0.198364753,0.212999114,0.188879565,0.211219456,0.35853321,0.180252472,0.287296287,0.058669732,0.110207235,0.117037259,0.158845279,0.389154872,0.378577304,0.391676653,0.37643652,0.069763729,0.090936844
437,1.45E+12,Maria,0.173973739,0.000140851,2.337543964,Back,0.216590063,0.253059494,0.197495404,0.268336995,0.188811357,0.211219981,0.359064913,0.180353653,0.285856243,0.056239816,0.111346432,0.116422844,0.159110493,0.384223133,0.382766573,0.381453673,0.390451739,0.069219128,0.08200647
476,1.45E+12,Aliki,0.057944942,-0.098681867,1.786347866,Front,0.272865036,0.286950357,0.269038824,0.272239077,0.187114836,0.194789819,0.313404841,0.173699378,0.35395592,0.071610116,0.098298438,0.100469911,0.140201685,0.436945231,0.245284094,0.411874249,0.308566784,0.091836467,0.092033357
476,1.45E+12,Aliki,0.067051962,-0.093420848,1.828656554,Front,0.272005302,0.286648413,0.27222284,0.274946204,0.182313563,0.201069533,0.313529256,0.165331204,0.357962193,0.071607143,0.098126348,0.101628089,0.141039404,0.426441313,0.339842787,0.409507038,0.303987419,0.092137788,0.092008611
476,1.45E+12,Aliki,0.08451052,-0.085789025,1.886021018,Front,0.274507986,0.287892955,0.271938742,0.283185683,0.190144482,0.197902532,0.310321283,0.16953887,0.362538372,0.072726217,0.098268358,0.10004284,0.140679876,0.430104776,0.312130974,0.41667455,0.288679452,0.092017542,0.091962751
476,1.45E+12,Aliki,0.14908281,-0.035325494,2.229026318,Back,0.274013536,0.284497731,0.257081031,0.286395444,0.184136519,0.213690055,0.322824847,0.155454688,0.362346645,0.072904409,0.101116168,0.10363864,0.144453826,0.429246037,0.337939991,0.417091136,0.330678299,0.105423291,0.091758886
476,1.45E+12,Aliki,0.042561699,0.060429435,2.530156851,Back,0.234357565,0.294428472,0.233605471,0.291243153,0.176811764,0.206763744,0.340224575,0.141817567,0.332001675,0.067443947,0.106103828,0.110313007,0.151740236,0.44202912,0.350157203,0.413476495,0.333020275,0.088087233,0.095385925
476,1.45E+12,Aliki,0.094028778,0.11765866,2.675101042,Back,0.222316966,0.265046989,0.237969581,0.240362961,0.169392536,0.199856735,0.333565958,0.175547794,0.332753226,0.066635729,0.104397612,0.106882366,0.149381146,0.426840586,0.327741693,0.422066423,0.302858108,0.099632004,0.089426175
476,1.45E+12,Aliki,0.064439349,0.156563982,2.763634682,Back,0.233338416,0.289095015,0.234627097,0.289111652,0.182384192,0.202457159,0.345834356,0.147880871,0.328112049,0.066467734,0.105932786,0.108695097,0.148508005,0.437333887,0.31662724,0.426559082,0.335216595,0.090171787,0.107113716
476,1.45E+12,Aliki,0.039800681,0.143354639,2.769405842,Back,0.239469423,0.281973478,0.240738067,0.29211496,0.175470573,0.202737051,0.334008252,0.150502625,0.334646357,0.06771036,0.101686605,0.109343914,0.146190674,0.42782552,0.295801084,0.458187601,0.275801163,0.097872755,0.101371366
476,1.45E+12,Aliki,0.020895733,0.144890934,2.766399384,Back,0.223544107,0.28916244,0.23897039,0.283800783,0.172643177,0.20407162,0.340121848,0.161081724,0.330699093,0.06693439,0.10385712,0.109273682,0.149428535,0.427390738,0.287681681,0.423628775,0.297875269,0.093018877,0.087129935
476,1.45E+12,Aliki,0.001941472,0.135963246,2.76511693,Back,0.23689243,0.290155698,0.247056646,0.292025528,0.174728294,0.201302154,0.345022171,0.148719201,0.324162931,0.065635543,0.106414297,0.10903129,0.150829903,0.419323202,0.306357508,0.399831595,0.306173813,0.090950418,0.095771299
476,1.45E+12,Aliki,-0.022323726,0.123325311,2.758154631,Back,0.210112103,0.213318741,0.255983226,0.293027718,0.172706117,0.201378837,0.340709671,0.131584265,0.323477798,0.065782929,0.105672267,0.10905637,0.149762159,0.423048116,0.31754168,0.420945415,0.33033543,0.092140274,0.107523547
476,1.45E+12,Aliki,-0.023198616,0.125520453,2.745948553,Back,0.222877749,0.264724698,0.250200418,0.292133383,0.172519937,0.198832423,0.338171562,0.131528902,0.326279598,0.066765952,0.105050541,0.111302906,0.153049725,0.417654444,0.248955592,0.423198432,0.331567616,0.092776766,0.104678442
476,1.45E+12,Aliki,-0.01669579,0.110923395,2.736331463,Back,0.227712394,0.285291594,0.236618681,0.292246355,0.176397345,0.194269772,0.340664024,0.160259678,0.326048691,0.066402323,0.106862718,0.111761458,0.15599477,0.449073414,0.33603242,0.410045361,0.334628455,0.089026753,0.108680062
476,1.45E+12,Aliki,-0.002027662,0.099093139,2.720014334,Back,0.239540016,0.280427013,0.23693983,0.294329161,0.17681139,0.193537639,0.341742573,0.178151824,0.322962879,0.065179355,0.107543598,0.109307597,0.151667822,0.476247396,0.345932809,0.399538592,0.33215047,0.105019174,0.106429371
476,1.45E+12,Aliki,0.016492957,0.112595916,2.69484663,Back,0.235748802,0.294857809,0.246717064,0.296218018,0.174332097,0.199106137,0.34141285,0.16503333,0.325954167,0.066003343,0.105998768,0.109816943,0.149907354,0.402342154,0.305184018,0.411980424,0.332758623,0.090042256,0.103633304
476,1.45E+12,Aliki,0.060115434,0.075071089,2.661231279,Back,0.228833945,0.251024729,0.235091306,0.284931779,0.190050581,0.202219095,0.355309317,0.174421828,0.330211711,0.066914872,0.107791117,0.111979193,0.155223622,0.447838362,0.326688109,0.437094024,0.331580038,0.093825174,0.08460253
476,1.45E+12,Aliki,0.262402058,0.008025714,2.390944719,Back,0.248705056,0.283687539,0.263305353,0.307050624,0.190606989,0.196763852,0.345493729,0.168027276,0.343267141,0.069235804,0.105680432,0.103190658,0.146817523,0.466386437,0.319407275,0.402107845,0.358500104,0.101476188,0.092931815
476,1.45E+12,Aliki,0.409553975,-0.102608696,1.648347497,Front,0.279987572,0.283680534,0.272884736,0.307287735,0.194901226,0.19023789,0.322280466,0.178653582,0.34502552,0.069509242,0.100856228,0.100250014,0.141084177,0.416140924,0.341619561,0.441071005,0.299647113,0.091744151,0.094191806
476,1.45E+12,Aliki,0.142211914,-0.003790993,1.343515515,Front,0.210346399,0.299382348,0.252332724,0.29782456,0.197573454,0.190431293,0.355204571,0.165730584,0.319287997,0.063465964,0.112360902,0.111960892,0.156468118,0.354620439,0.349488913,0.355825573,0.349633695,0.101254389,0.100997263
476,1.45E+12,Aliki,0.141274437,-0.000228321,1.348998666,Front,0.213383222,0.297418463,0.245004393,0.294062022,0.194574112,0.187358192,0.349790711,0.163101693,0.320467144,0.064219061,0.110811306,0.109771791,0.154511284,0.36347814,0.349491758,0.356893975,0.347450797,0.093914922,0.099310258
476,1.45E+12,Aliki,0.134462669,0.010734251,1.348489642,Front,0.21482104,0.299868782,0.243544446,0.281240534,0.196111021,0.185929181,0.350079849,0.16515492,0.320845531,0.064323963,0.111097062,0.109445791,0.154242183,0.359358463,0.34924857,0.357667227,0.348166559,0.095998496,0.098452009
476,1.45E+12,Aliki,0.134465232,0.018521054,1.347819328,Front,0.212927034,0.264710689,0.253707164,0.28873549,0.194362165,0.188245161,0.349943658,0.164187224,0.321859165,0.064601591,0.111321231,0.109511704,0.154108314,0.35847719,0.348718663,0.355403535,0.349829294,0.097019391,0.0985028
476,1.45E+12,Aliki,0.142365739,0.019081112,1.347263575,Front,0.212254286,0.280257815,0.267453804,0.292382401,0.192921567,0.18894737,0.350076646,0.162357726,0.321204277,0.064391134,0.11154273,0.109832552,0.154403167,0.359361714,0.348316329,0.354480679,0.349714963,0.097226835,0.098938346
476,1.45E+12,Aliki,0.153870985,0.014313884,1.345909476,Front,0.213746365,0.299099202,0.250238036,0.298757351,0.192289188,0.187188125,0.350051649,0.160971142,0.31954114,0.063876335,0.111448395,0.109971641,0.154790413,0.360552095,0.3480231,0.363378585,0.346319443,0.096786083,0.096257916
476,1.45E+12,Aliki,0.1511724,0.012062034,1.345602512,Front,0.215699251,0.290394114,0.263824879,0.281750615,0.192818152,0.183024245,0.348815618,0.161477742,0.31803395,0.063609747,0.11097677,0.109299037,0.154540369,0.362188715,0.347943676,0.369561432,0.345802957,0.095547454,0.093990409
476,1.45E+12,Aliki,0.153546825,0.008418785,1.345915198,Front,0.216909879,0.262124638,0.250381423,0.285059133,0.192078087,0.179376689,0.345887006,0.161984485,0.317474724,0.063655722,0.110265105,0.108164323,0.153690978,0.361989067,0.348557865,0.372882487,0.346409029,0.09484379,0.09250686
476,1.45E+12,Aliki,0.119780622,0.093218155,2.23065114,Back,0.251777212,0.281753561,0.267115423,0.281803334,0.151404099,0.165341784,0.280477434,0.143616045,0.335850143,0.067562458,0.088895833,0.09131846,0.12909733,0.44035912,0.339550259,0.460896578,0.338572284,0.091920524,0.09380584
476,1.45E+12,Aliki,0.163871393,0.071537785,2.406713009,Back,0.243702682,0.252790905,0.251874079,0.291374334,0.1718826,0.189065942,0.33392149,0.165652758,0.326764997,0.066158808,0.102483806,0.106851255,0.145592818,0.427729116,0.337026168,0.460505345,0.276950028,0.092796576,0.090638749
476,1.45E+12,Aliki,0.150078535,0.098782577,2.526504517,Back,0.225872419,0.285829154,0.234489799,0.291811852,0.171132022,0.192239824,0.335444408,0.147262867,0.326045202,0.065602728,0.103311815,0.107386058,0.146035639,0.453761512,0.333799168,0.431498242,0.340603678,0.104065556,0.092489352
476,1.45E+12,Aliki,0.091820292,0.099792331,2.613177299,Back,0.208115739,0.298977859,0.22888513,0.290184924,0.163450619,0.199018112,0.331519095,0.145033039,0.331687917,0.066940936,0.101701132,0.10652493,0.144392478,0.456775301,0.282705805,0.452615005,0.336437587,0.110782493,0.107821063
476,1.45E+12,Aliki,0.051775336,0.119340658,2.666549921,Back,0.232623364,0.290427066,0.233042085,0.292453913,0.156798135,0.197933146,0.323501353,0.147804084,0.32770712,0.066339202,0.102191317,0.105152244,0.146326535,0.471071873,0.348676357,0.438779874,0.338910577,0.092661991,0.102308284
476,1.45E+12,Aliki,0.04543674,0.134565994,2.693216562,Back,0.235120747,0.297119334,0.233898101,0.262492953,0.158351643,0.191922012,0.317644992,0.137627122,0.329023088,0.066478854,0.100537973,0.103002799,0.144313797,0.453773848,0.348439606,0.426052712,0.335263754,0.104742246,0.085077808
476,1.45E+12,Aliki,0.045552731,0.134921432,2.727727652,Back,0.221379189,0.293231864,0.230420617,0.292161822,0.160393321,0.197556863,0.320792563,0.141822112,0.329621178,0.066511914,0.099218868,0.103359064,0.141254273,0.451024071,0.338700286,0.421233938,0.339620978,0.105906703,0.086158223
476,1.45E+12,Aliki,0.075847395,0.13372992,2.767229319,Back,0.238395701,0.293389245,0.221668786,0.285073302,0.162006525,0.205613955,0.332675972,0.145057084,0.331371521,0.067023224,0.100899064,0.106629559,0.145205109,0.443813682,0.328658087,0.440703724,0.340603744,0.100879541,0.102674012
476,1.45E+12,Aliki,0.083760485,0.142907292,2.78663063,Back,0.236489302,0.301924184,0.232566634,0.286348321,0.157792551,0.200625749,0.32525737,0.145509444,0.333603018,0.067407622,0.099065236,0.106413634,0.143819722,0.442674104,0.32477484,0.445468095,0.324304927,0.105251113,0.099190872
476,1.45E+12,Aliki,0.091362819,0.155574143,2.807906389,Back,0.230572499,0.280920989,0.244150568,0.290543451,0.159419902,0.188675626,0.31708573,0.148898489,0.332380114,0.066627973,0.098233116,0.103362785,0.141538547,0.443963775,0.314100139,0.416074178,0.300284713,0.094421531,0.087363553
476,1.45E+12,Aliki,0.094757676,0.173059747,2.843390465,Back,0.233307946,0.287273554,0.24201452,0.293465648,0.153084141,0.209282675,0.329703143,0.172274131,0.335807412,0.067380501,0.099244487,0.105617073,0.142466733,0.44506366,0.335706526,0.428665704,0.315407549,0.097366053,0.107597552
476,1.45E+12,Aliki,0.089853197,0.159749374,2.857964754,Back,0.235133578,0.290908164,0.241708398,0.28752609,0.156593308,0.203178891,0.328176467,0.148091052,0.331488042,0.066426707,0.09986035,0.10650303,0.143014177,0.444875244,0.351450646,0.415655468,0.341204547,0.083199002,0.09567283
476,1.45E+12,Aliki,0.062373139,0.164245024,2.869755268,Back,0.244816025,0.274185593,0.227048778,0.294204234,0.163146989,0.196688149,0.32329812,0.154981517,0.333011738,0.067312847,0.098641264,0.105576578,0.143189995,0.449185086,0.324615443,0.436989538,0.294688989,0.105261324,0.07736102
476,1.45E+12,Aliki,0.053320508,0.169765353,2.872750521,Back,0.242603823,0.290566076,0.223886318,0.278928645,0.159038424,0.204093072,0.32087251,0.147398647,0.338180711,0.068172712,0.098569259,0.105383709,0.143288177,0.439006343,0.336602727,0.429808533,0.339731397,0.088373045,0.069268345
476,1.45E+12,Aliki,0.036540579,0.167486444,2.876776934,Back,0.246121874,0.299467627,0.226558096,0.286525806,0.159873028,0.203785808,0.318519501,0.134756185,0.340602215,0.068591455,0.098535278,0.103506729,0.141478708,0.435344218,0.317012416,0.410876266,0.354365306,0.090373705,0.100509561
476,1.45E+12,Aliki,0.038693883,0.174652159,2.875495434,Back,0.245003814,0.288630875,0.229574847,0.279442988,0.163968217,0.193469991,0.322121121,0.156312137,0.334361155,0.068200649,0.099555306,0.103322898,0.142370882,0.443292353,0.306485367,0.419657668,0.329870274,0.090837376,0.082801516
476,1.45E+12,Aliki,0.038997892,0.15307188,2.882151604,Back,0.226418616,0.268778002,0.232942599,0.280623516,0.161272937,0.191439556,0.3185816,0.147415049,0.332557191,0.067620437,0.100061845,0.102672792,0.142146271,0.451084243,0.315347746,0.426537131,0.342679438,0.086987166,0.103998178
476,1.45E+12,Aliki,0.037748449,0.164380252,2.885092735,Back,0.23083516,0.279932275,0.23523705,0.299499389,0.157004571,0.193420316,0.314985801,0.135587318,0.333587442,0.067444209,0.098236528,0.101719293,0.141091376,0.441159244,0.297893638,0.439041825,0.317350619,0.089180818,0.105970109
476,1.45E+12,Aliki,0.037606865,0.158069506,2.889323473,Back,0.235258018,0.253349172,0.234509176,0.289093447,0.148639263,0.204094141,0.311925583,0.141716018,0.337712396,0.067389489,0.096630703,0.101458507,0.140460695,0.417965168,0.343441149,0.416614704,0.322489107,0.087358274,0.081149978
476,1.45E+12,Aliki,0.040641829,0.158836424,2.881825447,Back,0.21300816,0.228939603,0.23161964,0.284917539,0.160299511,0.20877843,0.316539605,0.137995317,0.343388261,0.069188173,0.097893059,0.104370484,0.141850433,0.441975083,0.327774787,0.413009636,0.334474201,0.100567301,0.092870031
476,1.45E+12,Aliki,0.032079477,0.152038038,2.881894112,Back,0.23692263,0.300841296,0.230817495,0.288116228,0.158413682,0.191200369,0.310696278,0.140607017,0.33725872,0.06820632,0.097416259,0.101380485,0.139954698,0.441175069,0.302928781,0.412915523,0.320345109,0.091948548,0.092275075
476,1.45E+12,Aliki,0.031766567,0.157484248,2.879853964,Back,0.241895413,0.224302374,0.230339082,0.242039179,0.156711047,0.192975553,0.310246738,0.140783091,0.336884429,0.068039219,0.097298095,0.101363044,0.139652659,0.439906955,0.310250285,0.415903633,0.305553201,0.098141546,0.090883119
476,1.45E+12,Aliki,0.034020741,0.154950917,2.880292892,Back,0.239905301,0.282333279,0.22937579,0.264940683,0.155096972,0.194868471,0.310300076,0.140764333,0.337031973,0.068028677,0.097175775,0.101402037,0.139539198,0.416878604,0.332775322,0.418625582,0.318738811,0.069558059,0.086464401
476,1.45E+12,Aliki,0.038006138,0.151739761,2.8796556,Back,0.238796191,0.299231007,0.229742616,0.299757551,0.153544246,0.195945889,0.309797593,0.140762016,0.337055286,0.068023058,0.09706365,0.101390388,0.139479991,0.410582115,0.338012025,0.417038525,0.343002225,0.084919653,0.102240247
665,1.45E+12,NeuroPerson,-0.099742383,0.246304363,2.940589428,Back,0.255730883,0.271937491,0.212459495,0.273728421,0.19874846,0.182187404,0.348759801,0.17199265,0.326375481,0.06600426,0.109463136,0.105158968,0.146079667,0.506663369,0.468668502,0.50635672,0.375507985,0.105780258,0.104065502
665,1.45E+12,NeuroPerson,-0.10993699,0.174585536,2.952181578,Back,0.251629206,0.339691323,0.246424415,0.311109548,0.195461538,0.188822184,0.331257161,0.171838051,0.343273317,0.069379265,0.101310292,0.101538189,0.140870837,0.511391682,0.430861038,0.511040477,0.379591013,0.085383874,0.104487894
665,1.45E+12,NeuroPerson,-0.113384336,0.176859885,2.949801445,Back,0.256504237,0.350610989,0.249445099,0.292382951,0.19477791,0.18641509,0.332342276,0.169197559,0.345021149,0.069607031,0.102353902,0.101942933,0.140504247,0.512566282,0.42848148,0.512148302,0.379374525,0.097517308,0.100079688
665,1.45E+12,NeuroPerson,-0.11519856,0.180259317,2.948334455,Back,0.257395681,0.349656013,0.258693696,0.336523692,0.198135263,0.190162613,0.338659528,0.170303703,0.344505966,0.069201724,0.105130028,0.103538509,0.143735831,0.512818986,0.389329421,0.51275679,0.379634459,0.082269305,0.082141475
665,1.45E+12,NeuroPerson,-0.115467474,0.182730526,2.944493055,Back,0.256564297,0.352497996,0.247877159,0.286961691,0.198557834,0.192223477,0.339549413,0.170371531,0.345313727,0.069449348,0.105832538,0.104192694,0.145437492,0.513107735,0.415681365,0.513179881,0.380928672,0.076868618,0.099695563
665,1.45E+12,NeuroPerson,-0.115506776,0.184646323,2.942536592,Back,0.256253041,0.350840588,0.253125463,0.334338438,0.198146899,0.193292337,0.339292996,0.170682841,0.346147253,0.069720843,0.105875304,0.104538164,0.146329219,0.513522916,0.416641105,0.513633884,0.381626743,0.087040941,0.108588737
665,1.45E+12,NeuroPerson,-0.113158152,0.187853917,2.938430548,Back,0.260837251,0.364366168,0.256153793,0.344976033,0.195112111,0.190091231,0.336241041,0.167932654,0.347794391,0.069898491,0.104927516,0.103996391,0.145941744,0.515188214,0.389678956,0.514908942,0.381197001,0.088972127,0.099826218
665,1.45E+12,NeuroPerson,-0.111270674,0.207483485,2.935235739,Back,0.249011671,0.276425341,0.261044681,0.290458638,0.193598716,0.186248335,0.341320246,0.166630569,0.339988169,0.067473814,0.107289726,0.10537121,0.147645293,0.516022981,0.425407054,0.515682779,0.380880534,0.079850086,0.097874854
665,1.45E+12,NeuroPerson,-0.119183578,0.216271996,2.933830023,Back,0.232095932,0.303995525,0.241530447,0.31105794,0.192905259,0.185233521,0.339525295,0.167478177,0.338302059,0.06749003,0.107482651,0.105545237,0.148167642,0.516245372,0.406417934,0.516185262,0.382231616,0.082562444,0.097022267
665,1.45E+12,NeuroPerson,-0.112566046,0.218255416,2.930794239,Back,0.247004784,0.286510802,0.239214988,0.282777037,0.193657974,0.184571389,0.339174457,0.167736735,0.337987711,0.06762319,0.107450475,0.105689034,0.148604448,0.516461413,0.394030495,0.516597484,0.382651277,0.100761537,0.103232954
665,1.45E+12,NeuroPerson,-0.105800323,0.224129319,2.930770874,Back,0.24212318,0.282349077,0.242366559,0.260515711,0.195145574,0.183669393,0.34055528,0.167364541,0.337827309,0.067804156,0.107567641,0.105876404,0.149397544,0.516905185,0.419801121,0.517368052,0.382447737,0.080170134,0.095000394
665,1.45E+12,NeuroPerson,-0.10546869,0.229561284,2.926809311,Back,0.246794606,0.286835884,0.22338677,0.225878329,0.197078149,0.181228885,0.342681431,0.166088039,0.3372884,0.067835125,0.108194968,0.105867262,0.149820412,0.517643573,0.421184063,0.517974505,0.381946323,0.090515745,0.106236712
665,1.45E+12,NeuroPerson,-0.095722102,0.240614161,2.921664715,Back,0.25556588,0.308542598,0.228047359,0.234929505,0.197465046,0.182101318,0.344258863,0.167898908,0.336255118,0.067589409,0.108779313,0.106075815,0.149823684,0.518527845,0.429847636,0.518441141,0.382549821,0.085092075,0.102924719
665,1.45E+12,NeuroPerson,-0.099232726,0.246641725,2.918301344,Back,0.263431156,0.258342328,0.226444594,0.230140269,0.197581366,0.184989601,0.347852915,0.16942723,0.334493072,0.066921177,0.109814149,0.106904868,0.150505682,0.519318034,0.426431919,0.51922622,0.383632339,0.083394089,0.099958595
665,1.45E+12,NeuroPerson,-0.114284299,0.25584498,2.912443638,Back,0.250160286,0.250765847,0.217000368,0.257721552,0.197766086,0.186087297,0.350649842,0.170031487,0.33247852,0.066392525,0.110870614,0.107796388,0.151333181,0.519725579,0.418318158,0.519698203,0.383811092,0.084113001,0.102050543
665,1.45E+12,NeuroPerson,-0.110577255,0.254020512,2.907612085,Back,0.242523396,0.259568171,0.230929907,0.268656411,0.203585982,0.179389364,0.351735123,0.168255828,0.329312992,0.066405648,0.111524997,0.107798857,0.152284691,0.520687507,0.433821328,0.521067707,0.385235505,0.073595766,0.097539295
665,1.45E+12,NeuroPerson,-0.104166128,0.248230949,2.910177231,Back,0.240711889,0.274099256,0.230714837,0.223675253,0.202559282,0.179983114,0.351293159,0.164859459,0.329171023,0.066377629,0.111464132,0.107570437,0.152390508,0.521137494,0.427926779,0.521565136,0.385455939,0.080876709,0.098677694
665,1.45E+12,NeuroPerson,-0.102542229,0.246230677,2.912522078,Back,0.238017612,0.266663283,0.218727294,0.212673629,0.201985689,0.180386834,0.35136969,0.164446312,0.328850521,0.066257249,0.111547804,0.107489224,0.152641857,0.52177764,0.434514834,0.522125343,0.385604449,0.093828204,0.098158378
665,1.45E+12,NeuroPerson,-0.102111727,0.244570345,2.912142038,Back,0.2351761,0.26275059,0.214261654,0.231498802,0.202145542,0.180244722,0.351979233,0.165059311,0.328471151,0.066160203,0.111660795,0.107524374,0.152809653,0.522207451,0.43331209,0.522440605,0.385994263,0.083976192,0.104445222
665,1.45E+12,NeuroPerson,-0.098684229,0.25477618,2.908230066,Back,0.234816501,0.256616118,0.215422301,0.224710305,0.202519651,0.17981648,0.352908304,0.165635392,0.327309908,0.06594907,0.112049621,0.107868947,0.153201719,0.523013389,0.429174141,0.523000664,0.386573899,0.081200471,0.094372482
665,1.45E+12,NeuroPerson,-0.102410384,0.24444972,2.909026623,Back,0.237154918,0.265493966,0.217288636,0.22655785,0.201402733,0.180631,0.353662843,0.165592062,0.32570926,0.065787541,0.112267795,0.108249608,0.153481217,0.524015639,0.424928999,0.524030127,0.387206553,0.099233061,0.098824794
665,1.45E+12,NeuroPerson,-0.09890379,0.246555269,2.906565666,Back,0.241430143,0.260402808,0.216807724,0.226593862,0.201233726,0.181048367,0.353850289,0.165656729,0.325649089,0.06575736,0.112299306,0.108352037,0.15349984,0.524623136,0.436491842,0.524611864,0.387261038,0.083994313,0.098190271
665,1.45E+12,NeuroPerson,-0.118385106,0.251214147,2.89656949,Back,0.241304545,0.271137147,0.225630465,0.302238225,0.201867113,0.181389688,0.353282172,0.165797264,0.326560936,0.06569917,0.112202,0.108466708,0.15369401,0.528553564,0.424839327,0.528600496,0.390471463,0.085021899,0.098977003
665,1.45E+12,NeuroPerson,-0.119965106,0.250775635,2.895291805,Back,0.243373784,0.254834989,0.216512164,0.217496144,0.195494822,0.187805556,0.354137765,0.168178702,0.326388323,0.065820191,0.111793058,0.109233326,0.153539117,0.529380786,0.415354373,0.529285586,0.390618117,0.083115723,0.102023597
665,1.45E+12,NeuroPerson,-0.136362866,0.244638741,2.882907152,Back,0.204381223,0.281082345,0.207395074,0.254566741,0.199470634,0.183462642,0.35588188,0.173357931,0.326493228,0.065939781,0.112384466,0.1093492,0.153991498,0.531391549,0.398501403,0.530463272,0.390941097,0.101007443,0.1000536
665,1.45E+12,NeuroPerson,-0.144263268,0.237969905,2.852371454,Back,0.228208175,0.269954261,0.235171796,0.205988788,0.194742009,0.180907085,0.350208482,0.173649338,0.323190614,0.065350989,0.112344742,0.110188529,0.155812137,0.535183078,0.400503495,0.530625681,0.390700717,0.09569831,0.088763141
665,1.45E+12,NeuroPerson,-0.139378473,0.218151227,2.806020498,Back,0.226058751,0.298841335,0.218164774,0.219788016,0.192183441,0.184098067,0.353410617,0.164592225,0.32683847,0.065994017,0.109913435,0.108135776,0.150575257,0.532770186,0.40544084,0.530448183,0.391868048,0.100135635,0.104245822
665,1.45E+12,NeuroPerson,-0.096319273,0.213690609,2.719338179,Back,0.243803561,0.262096736,0.203298851,0.236274606,0.195059431,0.18753186,0.352393586,0.172797761,0.32809684,0.066123414,0.108638098,0.110627207,0.151277548,0.534723985,0.385501393,0.531176837,0.389528653,0.10205618,0.082169876
665,1.45E+12,NeuroPerson,-0.076348297,0.208470911,2.682361603,Back,0.238173756,0.266103356,0.217490265,0.209474379,0.199647398,0.186472848,0.354699267,0.16359461,0.328207586,0.066365897,0.110007308,0.109148084,0.150738119,0.534565595,0.418102949,0.517992945,0.387032641,0.099882614,0.086166447
665,1.45E+12,NeuroPerson,-0.065568432,0.195828527,2.642825842,Back,0.264070956,0.245944049,0.213525456,0.256919235,0.192819798,0.192557227,0.354264792,0.168054042,0.325238803,0.065782924,0.111658912,0.109788281,0.153055283,0.533784339,0.407880335,0.510648009,0.38708081,0.098720224,0.081591179
665,1.45E+12,NeuroPerson,-0.065150544,0.189096048,2.610670328,Back,0.267517814,0.248316821,0.220130351,0.322151979,0.19510207,0.188998184,0.35419893,0.177904842,0.325632114,0.065620182,0.112872141,0.108318327,0.152667687,0.532740121,0.399277044,0.535994259,0.391531924,0.101924951,0.093116759
665,1.45E+12,NeuroPerson,-0.045450468,0.165721804,2.577003479,Back,0.257237932,0.207869997,0.226603706,0.233673878,0.19946109,0.180148349,0.351385817,0.171199994,0.325718495,0.065677138,0.111318093,0.108676534,0.153555323,0.534000592,0.409812131,0.543846749,0.411834906,0.097759441,0.097606812
665,1.45E+12,NeuroPerson,-0.067036591,0.150903881,2.538818836,Back,0.252164511,0.222746628,0.214539693,0.211728955,0.195157139,0.184249835,0.350964088,0.165415157,0.326089853,0.065782149,0.110138718,0.109530216,0.153469359,0.534832617,0.429232083,0.531875086,0.421336758,0.096143339,0.093799335
665,1.45E+12,NeuroPerson,-0.059121668,0.140956596,2.506391764,Back,0.25932972,0.240314203,0.205651142,0.261070724,0.194432583,0.189162491,0.354301317,0.17462977,0.325831866,0.065714928,0.11277843,0.1097721,0.154700556,0.534310215,0.40280711,0.53297294,0.401065427,0.100144304,0.099715634
665,1.45E+12,NeuroPerson,-0.091755256,0.1429203,2.45755291,Back,0.266316491,0.236478346,0.2134352,0.269907013,0.197158014,0.188949145,0.356136041,0.180341269,0.324044979,0.065428342,0.113982616,0.109428778,0.155240187,0.533506206,0.386623442,0.539583429,0.396451623,0.104972164,0.100778033
665,1.45E+12,NeuroPerson,-0.121240869,0.145076722,2.359455824,Back,0.246137921,0.277369967,0.2271363,0.252835434,0.194754951,0.188823111,0.353684467,0.169148498,0.323626114,0.065163432,0.111310075,0.111077749,0.155898729,0.53539868,0.396217663,0.536051247,0.416958835,0.099125945,0.097852703
665,1.45E+12,NeuroPerson,-0.140364915,0.14381355,2.308681965,Back,0.249342911,0.258060824,0.213827677,0.260309922,0.194543038,0.190582761,0.355176096,0.173409773,0.321310745,0.064793265,0.111008031,0.11296793,0.157409981,0.535823091,0.387210731,0.536554791,0.40877471,0.08823111,0.093452223
665,1.45E+12,NeuroPerson,-0.142600507,0.123535864,2.258616209,Back,0.248541208,0.267515227,0.220450573,0.266472395,0.192982034,0.188940711,0.351919353,0.170916027,0.320191333,0.064505625,0.110503535,0.11215017,0.156850807,0.535208189,0.393845347,0.536993533,0.40703875,0.102439686,0.100212353
665,1.45E+12,NeuroPerson,-0.131515473,0.088791691,2.180766821,Back,0.259960532,0.319925365,0.215449481,0.254439391,0.19489318,0.188703378,0.353016524,0.168690177,0.324048505,0.065386269,0.112414645,0.108609723,0.155013207,0.540854333,0.391738238,0.537379107,0.391685068,0.086529364,0.104062277
665,1.45E+12,NeuroPerson,-0.092123397,0.083693631,2.095432043,Back,0.266657456,0.288542843,0.225434166,0.271815382,0.193542497,0.187568222,0.352285321,0.179503944,0.320251287,0.064446957,0.108892832,0.111804802,0.153606396,0.539362405,0.382800589,0.537147613,0.397073862,0.07456178,0.101602574
665,1.45E+12,NeuroPerson,-0.065365776,0.087598354,2.047078609,Back,0.234259351,0.296674834,0.219270169,0.260661415,0.197869192,0.185376559,0.354110421,0.176228436,0.31894256,0.064343324,0.111504292,0.11126623,0.155578074,0.542067774,0.389786587,0.526029977,0.391207198,0.074054647,0.085351745
665,1.45E+12,NeuroPerson,-0.036755789,0.079342417,1.994757652,Front,0.230359312,0.257110097,0.213763081,0.278287015,0.200182648,0.185905657,0.353035119,0.179912611,0.321556574,0.064790318,0.112001916,0.110689668,0.155621623,0.539689194,0.383032223,0.497493642,0.391674862,0.074149288,0.091162215
665,1.45E+12,NeuroPerson,-0.031101912,0.066489577,1.963422179,Front,0.252948947,0.290259754,0.222679096,0.289161825,0.194330498,0.184724322,0.348695377,0.175173866,0.320838882,0.064568823,0.110207798,0.110800595,0.155280954,0.539191196,0.407623856,0.542563803,0.40238649,0.074377384,0.074321372
665,1.45E+12,NeuroPerson,-0.027796958,0.073568732,1.920822144,Front,0.250364795,0.280437535,0.217580279,0.256463697,0.193638976,0.185514507,0.34923194,0.17569421,0.317148913,0.06412686,0.111825869,0.109886913,0.15590767,0.540932496,0.404390612,0.504201374,0.383430211,0.074393986,0.084782093
665,1.45E+12,NeuroPerson,-0.054959871,0.068832286,1.870069027,Front,0.245841073,0.28933362,0.228776635,0.263547183,0.19269972,0.186832026,0.351752804,0.170950411,0.312474696,0.062920927,0.113997347,0.109460441,0.157817529,0.539628904,0.410345782,0.468971147,0.383384266,0.092899142,0.08751212
665,1.45E+12,NeuroPerson,-0.087279066,0.072606035,1.818882823,Front,0.252704753,0.294958237,0.211461042,0.222237988,0.191925275,0.189583597,0.352280158,0.16525864,0.312962984,0.062993168,0.112869308,0.109033716,0.155833281,0.533463251,0.391649512,0.449479032,0.397168988,0.084738329,0.087922601
665,1.45E+12,NeuroPerson,-0.105295658,0.070219614,1.781221509,Front,0.265385709,0.278285549,0.22779492,0.26587026,0.197223697,0.183026556,0.352153395,0.157253311,0.311281008,0.062828839,0.114026844,0.109307824,0.157191119,0.509335453,0.392767628,0.462514966,0.390181007,0.080323255,0.088468486
665,1.45E+12,NeuroPerson,-0.102409102,0.065200813,1.76171875,Front,0.266536801,0.272046264,0.222596131,0.268383848,0.192678517,0.179984439,0.34718264,0.160100067,0.309494746,0.062503857,0.111863226,0.109936857,0.156599867,0.488863459,0.369613072,0.490741123,0.384887968,0.083496445,0.085088989
665,1.45E+12,NeuroPerson,-0.085927173,0.064212471,1.738770366,Front,0.260492759,0.288056921,0.220189957,0.264371624,0.199751347,0.182073618,0.353621494,0.159258327,0.313196502,0.063047511,0.112851351,0.111220897,0.158017514,0.494731623,0.362296522,0.490113266,0.365444138,0.09159361,0.088254728
665,1.45E+12,NeuroPerson,-0.070574202,0.070987724,1.718433499,Front,0.264171741,0.251473545,0.22806074,0.264889102,0.19629573,0.188537879,0.35179686,0.14833264,0.316033309,0.064019816,0.111311464,0.111890708,0.157534417,0.500160477,0.361309946,0.481579679,0.379404082,0.086801287,0.087860137
665,1.45E+12,NeuroPerson,-0.073029637,0.069507323,1.717382669,Front,0.264517277,0.254038198,0.227838192,0.265937452,0.196330464,0.188345142,0.351978785,0.148926628,0.315803907,0.06384373,0.111367998,0.112039302,0.157764067,0.500131494,0.361488627,0.481460429,0.377914497,0.085296291,0.087909471
665,1.45E+12,NeuroPerson,-0.081189446,0.069419377,1.714566112,Front,0.263117786,0.257507572,0.227547083,0.212360907,0.195648728,0.188863204,0.351817103,0.149049006,0.316353767,0.063650766,0.111655962,0.112198482,0.158124496,0.499196772,0.358354305,0.479240401,0.382753846,0.086448229,0.0869173
665,1.45E+12,NeuroPerson,-0.081445046,0.072431393,1.710094452,Front,0.261322018,0.25754611,0.231343823,0.256673918,0.195432887,0.189170221,0.35170307,0.148506661,0.316612615,0.063650148,0.111749401,0.112190775,0.158243946,0.498523808,0.357234332,0.477996351,0.384455063,0.087449544,0.086686921
665,1.45E+12,NeuroPerson,-0.081023291,0.074998796,1.707234383,Front,0.26026321,0.256731769,0.23511979,0.2723595,0.195352863,0.188715573,0.351262118,0.147894291,0.316630013,0.063684886,0.111717698,0.112091189,0.15828517,0.498207404,0.356830449,0.477553933,0.382357345,0.088079557,0.087175795
665,1.45E+12,NeuroPerson,-0.078969866,0.072048724,1.705296397,Front,0.260851409,0.270081197,0.237926743,0.206397684,0.195717105,0.187351063,0.350709515,0.147340631,0.316229818,0.063683655,0.111523586,0.111706449,0.157884619,0.497157685,0.358319938,0.478314881,0.379889987,0.088448576,0.087940931
665,1.45E+12,NeuroPerson,-0.074842818,0.076227769,1.703073382,Front,0.260512761,0.321595417,0.234737194,0.2195172,0.195867523,0.187535756,0.351135646,0.147314625,0.316010188,0.063659141,0.111551031,0.111672295,0.157782039,0.495609941,0.358721913,0.477764811,0.383318516,0.088325948,0.087674933
665,1.45E+12,NeuroPerson,-0.072637148,0.075579256,1.702057362,Front,0.261417024,0.296196796,0.232492218,0.223338408,0.195294369,0.188226718,0.351221142,0.147356406,0.316563279,0.063708591,0.111404722,0.111762022,0.157489135,0.494231709,0.365965408,0.477381178,0.376850655,0.087791525,0.088846194
665,1.45E+12,NeuroPerson,-0.078239582,0.072703354,1.70220542,Front,0.261507119,0.288271205,0.234283992,0.2544357,0.195201683,0.188293677,0.351149577,0.147314808,0.31667736,0.063727608,0.111387321,0.111769195,0.157489643,0.494539027,0.363002692,0.477537184,0.377825255,0.088226157,0.088001628
665,1.45E+12,NeuroPerson,-0.081120305,0.074069969,1.701376319,Front,0.260756365,0.283180276,0.235910308,0.254711171,0.195038629,0.188372216,0.351007135,0.147344366,0.316782607,0.063752327,0.111365945,0.11177753,0.157487971,0.495013189,0.360060636,0.477664609,0.379936691,0.088380427,0.087485419
1069,1.45E+12,Stelios,0.008657211,0.084672399,1.573805094,Front,0.287130179,0.248950473,0.268147673,0.318886117,0.210813135,0.193648451,0.374128312,0.165363589,0.283678568,0.057537122,0.118427109,0.119470562,0.16796796,0.475612939,0.338463718,0.437474801,0.347160308,0.086453529,0.094492541
1069,1.45E+12,Stelios,0.008449539,0.084294744,1.57518065,Front,0.287437379,0.254449196,0.270488219,0.316611574,0.211106508,0.193019292,0.374578159,0.166544537,0.283696365,0.057318845,0.118392895,0.119422232,0.168373145,0.474808863,0.338698272,0.436394645,0.3482774,0.079745792,0.094071098
1069,1.45E+12,Stelios,0.009310019,0.082839862,1.574743986,Front,0.286196957,0.261765674,0.270554937,0.317064228,0.209349114,0.194291463,0.374529245,0.166410335,0.283783917,0.05719691,0.117988065,0.119907606,0.168740362,0.474790823,0.335615439,0.435714285,0.348805613,0.080003603,0.095350722
1069,1.45E+12,Stelios,0.021098619,0.081286348,1.611815691,Front,0.298495284,0.320596316,0.270826117,0.32761007,0.206170778,0.196590357,0.375881167,0.166724048,0.279457538,0.056315012,0.11885717,0.119473427,0.1687417,0.464186008,0.345965182,0.438259404,0.325522121,0.081133417,0.099145357
1069,1.45E+12,Stelios,0.022785399,0.092999168,1.672962308,Front,0.297762521,0.320991341,0.27965122,0.31111829,0.21082527,0.192888272,0.374361031,0.168265631,0.286020471,0.05767886,0.117700766,0.120573958,0.168821105,0.472453994,0.341290822,0.501456255,0.344306528,0.080854404,0.095630651
1069,1.45E+12,Stelios,0.000927641,0.096357249,1.746759057,Front,0.281037939,0.322730169,0.278978151,0.309967334,0.208028819,0.194159299,0.3726854,0.16932569,0.294356541,0.059347839,0.114208745,0.121027944,0.165433473,0.454633553,0.343299141,0.493368926,0.351259944,0.081063761,0.095901543
1069,1.45E+12,Stelios,-0.018427286,0.100581087,1.82738924,Front,0.290719573,0.309943815,0.269780424,0.320921948,0.204070313,0.200018226,0.380233607,0.168157364,0.282368305,0.057134806,0.11522974,0.121499486,0.164346067,0.450079599,0.359673091,0.523604573,0.350653656,0.080033678,0.095691931
1069,1.45E+12,Stelios,-0.027786581,0.090592377,1.897708178,Front,0.296450557,0.305079963,0.267622464,0.284337331,0.201130258,0.200295627,0.377036177,0.167915855,0.288554979,0.058489275,0.114073719,0.123205731,0.164275698,0.499166454,0.361156049,0.533799799,0.35670852,0.082803845,0.09553155
1069,1.45E+12,Stelios,-0.043052197,0.118804477,2.011517286,Back,0.286516995,0.27600991,0.268542672,0.281799627,0.21094843,0.189352046,0.377660578,0.170142398,0.298552887,0.060352953,0.119975003,0.114444627,0.161581212,0.535430108,0.349638672,0.52362471,0.358144388,0.097649764,0.096151938
1069,1.45E+12,Stelios,-0.03456755,0.15161626,2.104739904,Back,0.286018797,0.308241256,0.272750018,0.32469521,0.208692484,0.204087346,0.381370703,0.169308716,0.309764471,0.062567256,0.119599005,0.118319953,0.164703242,0.531937856,0.344695042,0.532180804,0.365535938,0.106579975,0.095469279
1069,1.45E+12,Stelios,-0.022860257,0.166486442,2.194338083,Back,0.281859053,0.334711439,0.269494014,0.275388268,0.210545084,0.20375648,0.384546599,0.17487324,0.307651245,0.062236333,0.119920149,0.114410338,0.158880334,0.526780516,0.346887649,0.532417483,0.367717849,0.096851841,0.095372338
1069,1.45E+12,Stelios,-0.019252179,0.167251438,2.281686544,Back,0.277556049,0.319406824,0.275088086,0.280561591,0.204856719,0.201949772,0.380319477,0.182804985,0.311950751,0.060159098,0.119593695,0.110006603,0.154818988,0.529129072,0.365833369,0.534262059,0.373817797,0.105188226,0.09255861
1069,1.45E+12,Stelios,-0.018252192,0.194957972,2.363982439,Back,0.283847497,0.314018233,0.274700123,0.306008357,0.198670533,0.191533018,0.380004973,0.225521294,0.275367337,0.055822877,0.120656339,0.112710017,0.159058557,0.532197115,0.36271238,0.534541188,0.354887785,0.095243992,0.107375368
1069,1.45E+12,Stelios,-0.03575835,0.203414023,2.441367626,Back,0.281279122,0.31915318,0.285300017,0.286897027,0.204887424,0.192159986,0.383964251,0.229737453,0.274639844,0.055813565,0.119875177,0.118970055,0.165396688,0.534484513,0.369770316,0.537273498,0.356552188,0.094861152,0.097330826
1069,1.45E+12,Stelios,-0.059113428,0.20652394,2.498072147,Back,0.277405688,0.263893545,0.284571386,0.283290274,0.197215217,0.191293353,0.378568757,0.236184692,0.277499656,0.056111443,0.1168817,0.117100018,0.160289549,0.535553601,0.362009032,0.536430886,0.351110198,0.097045246,0.095804172
1069,1.45E+12,Stelios,-0.136280447,0.225708798,2.6696527,Back,0.275450141,0.317022075,0.279994853,0.292125194,0.21396802,0.183601281,0.3786315,0.233693408,0.272458682,0.055567806,0.116414534,0.115020805,0.15756478,0.539667171,0.360087124,0.538553282,0.363303392,0.104930971,0.106660841
1069,1.45E+12,Stelios,-0.150848255,0.268197298,2.725019455,Back,0.27837533,0.310623796,0.270243338,0.299113228,0.211586465,0.197927462,0.371467012,0.174646165,0.323503705,0.065300313,0.115029431,0.114217938,0.156713391,0.536772949,0.362558597,0.539636073,0.359979728,0.113640083,0.105746257
1069,1.45E+12,Stelios,-0.147809952,0.272245437,2.799563646,Back,0.268645288,0.328158833,0.283142344,0.271597159,0.2049957,0.183213885,0.376160774,0.233893926,0.274294464,0.056937697,0.115460871,0.11332362,0.157054326,0.539978358,0.360440524,0.537041936,0.368567387,0.106901688,0.101010375
1069,1.45E+12,Stelios,-0.126462877,0.291945308,2.842243195,Back,0.270788322,0.252979877,0.274561408,0.318471613,0.201114393,0.189172191,0.375327582,0.22122963,0.288284689,0.061284853,0.119247953,0.110282817,0.156733771,0.535079642,0.375788376,0.541925335,0.36649896,0.09647353,0.099885647
1069,1.45E+12,Stelios,-0.120502681,0.29505983,2.875218391,Back,0.270828354,0.283132186,0.263693616,0.294024187,0.211505846,0.186061305,0.382427451,0.217650282,0.280206829,0.064379505,0.120968308,0.11028055,0.15934309,0.536987316,0.444767183,0.541482256,0.367437696,0.111148238,0.105414893
1069,1.45E+12,Stelios,-0.118264377,0.294241041,2.918427944,Back,0.273401591,0.323638592,0.27401571,0.289122736,0.224181539,0.190173577,0.383986437,0.188594263,0.306053377,0.063499824,0.12026259,0.112003626,0.158704028,0.538735078,0.365989882,0.541057927,0.365622734,0.097896892,0.107745897
1069,1.45E+12,Stelios,-0.134337366,0.297340184,2.953408003,Back,0.283174319,0.3118313,0.285294149,0.293680324,0.209025397,0.187380978,0.368464299,0.195168122,0.311673749,0.062396971,0.115529902,0.114258743,0.157239859,0.54042989,0.360385575,0.542187879,0.361369558,0.099316866,0.108441576
1069,1.45E+12,Stelios,-0.161105573,0.311610758,2.959218025,Back,0.260051394,0.325178659,0.268974539,0.31817418,0.215125551,0.202121518,0.378313052,0.178226136,0.323958622,0.065139982,0.115395379,0.116959731,0.160869699,0.540617341,0.375222625,0.539481273,0.450600205,0.109995916,0.110308466
1069,1.45E+12,Stelios,-0.167379275,0.314233363,2.965666294,Back,0.24399292,0.328245007,0.260436688,0.318879606,0.219557076,0.203529934,0.379856936,0.17152823,0.326938294,0.066203813,0.114561894,0.11704916,0.159686436,0.540725298,0.424929998,0.53856874,0.457677642,0.109407102,0.111383354
1069,1.45E+12,Stelios,-0.188813046,0.329215914,2.971416473,Back,0.258524101,0.323218914,0.275330713,0.3199759,0.211235192,0.19875099,0.371706033,0.178075503,0.323258687,0.065132573,0.114302508,0.113979032,0.15692472,0.54208638,0.368144478,0.541330496,0.443680978,0.092838441,0.111028567
1069,1.45E+12,Stelios,-0.183831766,0.312440068,2.976861477,Back,0.257069405,0.322150294,0.265368514,0.327853936,0.211834992,0.200518085,0.375762452,0.179124128,0.318530013,0.064273701,0.115087735,0.115022143,0.158502212,0.542318847,0.421381917,0.542247977,0.450525095,0.108714507,0.107585009
1069,1.45E+12,Stelios,-0.196479425,0.320887983,2.977065563,Back,0.258460874,0.295262543,0.257699813,0.319331418,0.212611352,0.201553853,0.378029884,0.179810139,0.314653761,0.063767127,0.115947884,0.116308897,0.16031234,0.543143513,0.433004681,0.542290999,0.434867562,0.088290179,0.109233255
1069,1.45E+12,Stelios,-0.195826814,0.314990014,2.981460333,Back,0.263416217,0.297857754,0.261214636,0.308478818,0.205202181,0.203347313,0.374641199,0.183355665,0.316745301,0.064115581,0.115208127,0.115558217,0.159259264,0.543026091,0.420916023,0.542091244,0.447626213,0.103308419,0.110759751
1069,1.45E+12,Stelios,-0.203945383,0.306686074,2.991839409,Back,0.265433401,0.32214004,0.263344317,0.329221343,0.200990298,0.205776184,0.370990262,0.184214669,0.319279933,0.06493178,0.113804491,0.115956362,0.159227385,0.542183221,0.433703405,0.54255618,0.435660482,0.0958403,0.111093789
1069,1.45E+12,Stelios,-0.22396028,0.318888187,3.005391598,Back,0.271109142,0.332254319,0.264067794,0.263328767,0.201985509,0.210204728,0.380938852,0.184141849,0.317645625,0.063872116,0.114746215,0.118021062,0.161534246,0.54512168,0.360489969,0.543799751,0.453452386,0.093555515,0.108643639
1069,1.45E+12,Stelios,-0.216825962,0.310443372,3.015839577,Back,0.276586537,0.313524389,0.268107313,0.25747807,0.204607553,0.208547052,0.384376346,0.185679581,0.318199252,0.063731542,0.115419882,0.116960639,0.159429114,0.547403152,0.364433847,0.544801078,0.447808156,0.106603898,0.112030502
1069,1.45E+12,Stelios,-0.216071904,0.317931175,3.01874876,Back,0.275935572,0.323618769,0.257525918,0.287636317,0.208913267,0.204508353,0.383180085,0.183971486,0.315919574,0.06392834,0.116419303,0.116698562,0.159043203,0.546079884,0.426096224,0.545532918,0.41757699,0.09435983,0.11015093
1069,1.45E+12,Stelios,-0.216338888,0.306177437,3.022753239,Back,0.275110342,0.317629123,0.262220425,0.278360084,0.208004677,0.205211665,0.382172619,0.182755967,0.315344718,0.063996562,0.116539062,0.117316928,0.159971423,0.545715586,0.446502747,0.545665833,0.452977035,0.087231746,0.09336137
1069,1.45E+12,Stelios,-0.15144898,0.174040809,2.362563372,Back,0.282346866,0.331401787,0.281821002,0.281807074,0.210590641,0.205364571,0.379656312,0.177848593,0.32549053,0.065712148,0.117034918,0.11099318,0.152835363,0.547761318,0.376651458,0.553170749,0.386458399,0.101182716,0.097819072
1069,1.45E+12,Stelios,-0.158746377,0.150985673,2.188370705,Back,0.288833633,0.321735834,0.284686954,0.322630614,0.207844792,0.207394346,0.379858733,0.170326723,0.311358027,0.062922312,0.113914256,0.121773393,0.163664705,0.554515677,0.368681537,0.556388751,0.376668034,0.105776337,0.102007361
1069,1.45E+12,Stelios,-0.158894613,0.134868979,2.127925158,Back,0.285294649,0.266347893,0.270652196,0.323749964,0.211374443,0.201053792,0.380034442,0.169704526,0.310149387,0.06245763,0.115132478,0.123952708,0.166540964,0.543155889,0.367664489,0.556967667,0.380241275,0.098287382,0.112096115
1069,1.45E+12,Stelios,-0.153211802,0.109946258,2.070202589,Back,0.280289112,0.285138541,0.272980484,0.32550749,0.215110419,0.196628181,0.380496903,0.17068029,0.310952314,0.062852824,0.117352367,0.118484946,0.162739488,0.554687079,0.383166497,0.551699194,0.376580436,0.092567182,0.11356438
1069,1.45E+12,Stelios,-0.138319224,0.116169825,2.00432539,Back,0.285377587,0.284264643,0.283461647,0.263319764,0.211781362,0.19794733,0.378565802,0.170490754,0.30474351,0.061806936,0.115079738,0.119441972,0.162136457,0.560556163,0.37256418,0.552858502,0.375398345,0.097603983,0.114432767
1069,1.45E+12,Stelios,-0.122561648,0.112209566,1.920687914,Front,0.286709537,0.297214068,0.276657389,0.250829016,0.215500316,0.195165251,0.381113145,0.169099525,0.294802261,0.059389946,0.116737026,0.121871556,0.166239458,0.523334072,0.373678171,0.522740173,0.375275045,0.10057383,0.095907753
1069,1.45E+12,Stelios,-0.103779055,0.098919153,1.857224822,Front,0.293133812,0.271807097,0.278897017,0.290878837,0.220739455,0.193175305,0.383253529,0.168842146,0.29455578,0.059553534,0.119118942,0.120413857,0.166843702,0.517669388,0.380675901,0.513610476,0.372381297,0.097977231,0.10313175
1069,1.45E+12,Stelios,-0.086617932,0.093056567,1.747890234,Front,0.296996696,0.333491558,0.283814164,0.300529218,0.210412501,0.200743369,0.379009985,0.167952561,0.29528991,0.059691975,0.120029938,0.117034098,0.165297583,0.541650067,0.377999354,0.480163309,0.35765373,0.098279097,0.085730185
1069,1.45E+12,Stelios,-0.081274159,0.096980937,1.699272156,Front,0.290712714,0.326811035,0.280278832,0.283804316,0.212119354,0.199250327,0.380268985,0.16683085,0.28806205,0.058106626,0.122347459,0.117334116,0.168215921,0.516937337,0.379577716,0.433174082,0.339833108,0.100574137,0.105559603
1069,1.45E+12,Stelios,-0.083415806,0.094258338,1.642576694,Front,0.29490601,0.319019838,0.278477138,0.291193951,0.2118122,0.197052455,0.377488753,0.167515284,0.283924787,0.057377559,0.120856365,0.117671617,0.167697342,0.502056608,0.378981092,0.413392532,0.3733508,0.096667511,0.104205637
1069,1.45E+12,Stelios,-0.091493279,0.083094619,1.571384788,Front,0.28636602,0.331329453,0.263127061,0.260656255,0.214680024,0.20037215,0.382346728,0.167069066,0.281760926,0.05688521,0.12128778,0.119364639,0.169089734,0.479255315,0.37416411,0.417502496,0.398495523,0.09856938,0.102763165
1069,1.45E+12,Stelios,-0.086477406,0.090584412,1.528924227,Front,0.289513537,0.319191393,0.254304778,0.235677657,0.207372533,0.202567936,0.37705204,0.165007631,0.284164245,0.05724028,0.118242471,0.117940931,0.166248975,0.490434206,0.375701178,0.409082355,0.380278452,0.106966512,0.107171714
1069,1.45E+12,Stelios,-0.186956957,0.175286755,2.781646013,Back,0.308059658,0.315989411,0.276282061,0.324452503,0.172001987,0.216019854,0.355465959,0.187360221,0.336694698,0.065752597,0.103104316,0.113814022,0.149736267,0.556543906,0.395440127,0.551065984,0.457036418,0.098998063,0.093067231
1168,1.45E+12,Maria(Stelios),0.565434396,-0.062415332,2.386031389,Back,0.218266244,0.538159276,0.212165103,0.200074071,0.184636047,0.172440136,0.292599648,0.175676578,0.296772476,0.059932309,0.094942756,0.093659455,0.133325292,0.459636361,0.306679512,0.341884742,0.384893759,0.082313636,0.097689302
1187,1.45E+12,Stelios(Maria),-0.487829775,-0.090507701,2.538296461,Back,0.279995189,0.356391515,0.245811611,0.327806079,0.208767382,0.191463847,0.357599657,0.180313304,0.335531998,0.067482908,0.116524086,0.113826559,0.164366634,0.543432212,0.41427681,0.500854499,0.429540821,0.118552149,0.111448219
1168,1.45E+12,Maria(Stelios),0.562955558,-0.061963432,2.384847879,Back,0.185953593,0.304897408,0.219760994,0.201807122,0.174382347,0.176049422,0.289192894,0.177716245,0.297586481,0.059993495,0.093039648,0.092515505,0.1305663,0.454889216,0.313492985,0.337490268,0.388906372,0.06855216,0.096328292
1187,1.45E+12,Stelios(Maria),-0.47133854,-0.072072499,2.548216581,Back,0.286176486,0.354742701,0.259109342,0.352681445,0.207985054,0.183531901,0.351481838,0.189114493,0.331875743,0.06713077,0.110808718,0.107946979,0.15357687,0.590574123,0.338775585,0.537202425,0.371264234,0.128792093,0.105731005
1168,1.45E+12,Maria(Stelios),0.568570673,-0.056488603,2.38388586,Back,0.225176105,0.24364685,0.235027012,0.242698755,0.18925919,0.182279299,0.302100021,0.176238606,0.30205797,0.061122492,0.096347339,0.095096683,0.13406455,0.450045379,0.31045252,0.335275045,0.384800919,0.080708081,0.083593179
1187,1.45E+12,Stelios(Maria),-0.446342677,0.027476519,2.543806076,Back,0.277223794,0.33085403,0.254313623,0.33444354,0.215248304,0.180398083,0.357891048,0.184626084,0.337862185,0.067262604,0.114922369,0.107068764,0.157784889,0.59192686,0.356266797,0.529556058,0.379212477,0.129578237,0.122619451
1168,1.45E+12,Maria(Stelios),0.56678772,-0.045892641,2.378527164,Back,0.208559745,0.226615404,0.217765054,0.24068673,0.196345957,0.180134883,0.306541058,0.177227055,0.303002543,0.060365019,0.097045638,0.095718251,0.136822461,0.448720522,0.308742891,0.331037126,0.387819628,0.084456664,0.094679945
1187,1.45E+12,Stelios(Maria),-0.443039954,-0.01635693,2.557575226,Back,0.313408643,0.361066687,0.290927473,0.362165618,0.214616325,0.179602321,0.355147563,0.183538765,0.335773842,0.06757172,0.11451894,0.106183412,0.156743082,0.579006606,0.360407023,0.538908545,0.363893902,0.091332161,0.125624799
1168,1.45E+12,Maria(Stelios),0.567793489,-0.033634614,2.373673439,Back,0.206248831,0.254976654,0.217852079,0.255643868,0.193979758,0.183183535,0.309584418,0.172826816,0.296931075,0.058754514,0.09881273,0.098885114,0.140883117,0.449803724,0.317084474,0.332974897,0.386353189,0.088465905,0.080775941
1187,1.45E+12,Stelios(Maria),-0.448509336,-0.025295958,2.551913261,Back,0.273922374,0.393625871,0.266745456,0.355584141,0.203636232,0.18316405,0.345522464,0.187135125,0.340478612,0.069138007,0.110729043,0.103750281,0.150799506,0.571366877,0.390921954,0.54225009,0.381265407,0.117647289,0.125884869
1168,1.45E+12,Maria(Stelios),0.564862132,-0.04172644,2.37031436,Back,0.215671417,0.250024633,0.19204315,0.181634469,0.187455799,0.19182853,0.310900024,0.169237487,0.294487595,0.059784144,0.098364672,0.101800993,0.140903343,0.44840985,0.321374428,0.332270387,0.385217834,0.077727416,0.074020811
1187,1.45E+12,Stelios(Maria),-0.452073544,-0.027831528,2.55247736,Back,0.283859727,0.375859185,0.265010709,0.357725944,0.209504217,0.179264509,0.347396777,0.183640373,0.342978308,0.06839529,0.111507327,0.105162214,0.153689636,0.570829424,0.38887422,0.540623182,0.364729301,0.12331899,0.131072484
1168,1.45E+12,Maria(Stelios),0.563418686,-0.043635912,2.361750126,Back,0.208234075,0.266233104,0.201544949,0.182516587,0.201483731,0.180863756,0.309716838,0.166398836,0.304351681,0.06159386,0.099416002,0.098880488,0.138673985,0.447313176,0.314075716,0.329868433,0.386023063,0.081286406,0.076067945
1187,1.45E+12,Stelios(Maria),-0.447592616,-0.016017938,2.555069685,Back,0.281015803,0.363061267,0.264022159,0.354823908,0.207856226,0.176763866,0.345776971,0.187594211,0.337749089,0.068406024,0.111695892,0.104877915,0.153093028,0.554031085,0.402950336,0.524238906,0.39258626,0.124001657,0.116217286
1168,1.45E+12,Maria(Stelios),0.564520061,-0.040370665,2.328926802,Back,0.206885378,0.195921641,0.207148543,0.215286819,0.199946661,0.180856453,0.310635555,0.169432646,0.300872087,0.060052224,0.100587752,0.097657015,0.139801864,0.448050618,0.313921173,0.331418409,0.385524404,0.084862943,0.077149555
1187,1.45E+12,Stelios(Maria),-0.453047454,-0.030575752,2.553132296,Back,0.278273788,0.352963677,0.260308115,0.354437782,0.206050191,0.177682345,0.345261612,0.190442565,0.336381947,0.068250174,0.111569513,0.104536313,0.152434406,0.573217958,0.385448216,0.529214512,0.370834668,0.113142537,0.129522995
1168,1.45E+12,Maria(Stelios),0.563267291,-0.020442693,2.304986238,Back,0.190906945,0.228436242,0.193590986,0.203700811,0.192179884,0.196497179,0.313749987,0.166200827,0.30311278,0.060710124,0.099225156,0.100284937,0.141157946,0.445260331,0.301180765,0.328473299,0.383346795,0.088906526,0.078125942
1187,1.45E+12,Stelios(Maria),-0.450173706,-0.033760555,2.555678844,Back,0.277290371,0.376802872,0.26002199,0.355060647,0.207060963,0.178103189,0.345689912,0.18786484,0.337184428,0.068248007,0.111687263,0.104553309,0.152631052,0.578314407,0.376136532,0.540685401,0.366678226,0.126964739,0.128229078
1168,1.45E+12,Maria(Stelios),0.559373796,-0.018891223,2.294948578,Back,0.197465947,0.22510333,0.190823865,0.24129087,0.196364628,0.192342866,0.314762306,0.171496811,0.303379805,0.060241059,0.100446847,0.099596348,0.139802788,0.446687843,0.321270273,0.328988716,0.383109868,0.076905504,0.077156559
1187,1.45E+12,Stelios(Maria),-0.450502872,-0.027417656,2.553674459,Back,0.278042249,0.350652665,0.261379589,0.354622247,0.197771941,0.183433092,0.345338712,0.188623564,0.334786162,0.0680636,0.11186588,0.104670469,0.15365086,0.575853735,0.329623806,0.529281074,0.382940918,0.096258629,0.130178015
1168,1.45E+12,Maria(Stelios),0.565744042,-0.019197173,2.303360701,Back,0.194844632,0.222937257,0.19338521,0.23940396,0.194609117,0.192727369,0.314488136,0.171402811,0.303436677,0.06079921,0.099395669,0.100381205,0.141358163,0.448132966,0.309875021,0.45691427,0.371038256,0.096092644,0.064635149
1187,1.45E+12,Stelios(Maria),-0.454530239,-0.033015769,2.551837444,Back,0.279354373,0.372649205,0.260866194,0.354001417,0.19530638,0.189060226,0.349305537,0.187764988,0.333024783,0.067468163,0.11239261,0.106560447,0.155851635,0.570165469,0.381783858,0.533289136,0.362366032,0.116057932,0.102918488
1168,1.45E+12,Maria(Stelios),0.571912169,-0.03639216,2.321701527,Back,0.193459661,0.259445103,0.187959701,0.229233083,0.202355988,0.192628946,0.319035832,0.168737815,0.300674013,0.060879778,0.102878822,0.100193511,0.142433239,0.388334537,0.290491297,0.445380455,0.351933185,0.07982605,0.067186411
1187,1.45E+12,Stelios(Maria),-0.454507917,-0.031217387,2.554804564,Back,0.280071377,0.35761422,0.259652778,0.354401743,0.200690479,0.188040924,0.351498838,0.185149799,0.333934103,0.067102418,0.113361721,0.10729756,0.156390832,0.582953194,0.382195811,0.540596419,0.366988404,0.129652923,0.128032222
1168,1.45E+12,Maria(Stelios),0.572671056,-0.022225166,2.350202799,Back,0.188299707,0.209474702,0.189375418,0.197303712,0.204102347,0.19002793,0.329352851,0.171380036,0.289879678,0.057999791,0.104176084,0.104698703,0.148056282,0.367256474,0.291313358,0.454461579,0.346116069,0.090103078,0.064802339
1187,1.45E+12,Stelios(Maria),-0.452258974,-0.027805444,2.549045563,Back,0.279005607,0.372825552,0.258832874,0.352349685,0.203075279,0.187725851,0.352920482,0.185309194,0.335344227,0.067337672,0.113873975,0.107344938,0.156127255,0.566172565,0.389554495,0.517025745,0.38124027,0.116721286,0.099951209
1168,1.45E+12,Maria(Stelios),0.579084218,-0.020618735,2.360843658,Back,0.196088187,0.25839974,0.186151035,0.209512065,0.197193367,0.185637506,0.321659387,0.180519724,0.292935297,0.058944322,0.101517175,0.103672997,0.145064421,0.324858884,0.219431754,0.446414683,0.337020807,0.089771663,0.065886854
1187,1.45E+12,Stelios(Maria),-0.440515757,0.001686351,2.548434258,Back,0.266661861,0.390503554,0.242829491,0.367798727,0.201470877,0.189488844,0.354095363,0.186517133,0.33439223,0.067356439,0.114063851,0.107756578,0.157057326,0.583386745,0.354044685,0.545886808,0.357240124,0.103018591,0.134854689
1168,1.45E+12,Maria(Stelios),0.575500906,-0.026585236,2.356878996,Back,0.208090467,0.268078225,0.188902695,0.178244839,0.191955404,0.183891159,0.311901409,0.184265212,0.294056013,0.059241162,0.100330741,0.100072608,0.141541329,0.329883403,0.181967994,0.448896315,0.342539169,0.099198547,0.06596475
1187,1.45E+12,Stelios(Maria),-0.449607342,0.010344926,2.576965809,Back,0.295503216,0.321397607,0.297766863,0.341582556,0.205130365,0.187995994,0.35378345,0.184847477,0.332553304,0.067289878,0.113890498,0.107689022,0.157449396,0.579155259,0.361134834,0.523112625,0.389964458,0.11789637,0.122811378
1168,1.45E+12,Maria(Stelios),0.588156402,-0.025076965,2.357874393,Back,0.216814789,0.264163536,0.187204906,0.179556331,0.189262672,0.187365212,0.308461221,0.176278601,0.297483954,0.060072035,0.099567058,0.098321564,0.13962834,0.35689051,0.279808762,0.448725558,0.343421704,0.099040663,0.066881715
1187,1.45E+12,Stelios(Maria),-0.439362586,0.012629027,2.577522993,Back,0.307268386,0.341857188,0.298815166,0.345710028,0.205067371,0.185581156,0.352310089,0.187137119,0.333088349,0.06692302,0.113949668,0.107113567,0.156984743,0.583009076,0.381301384,0.541295176,0.376150607,0.128483588,0.12737949
1168,1.45E+12,Maria(Stelios),0.600637019,-0.025637314,2.352076292,Back,0.211410883,0.231628686,0.184694468,0.243941865,0.193699147,0.179195773,0.312982188,0.176792887,0.291964148,0.058737907,0.099486898,0.097198522,0.137278539,0.370346718,0.289801216,0.44995564,0.343838011,0.087193377,0.066578986
1187,1.45E+12,Stelios(Maria),-0.442014337,0.014864231,2.571530819,Back,0.313913066,0.348172825,0.292817389,0.349461706,0.205940659,0.18113651,0.350373964,0.189092272,0.325246427,0.065518929,0.114219356,0.105838633,0.156384045,0.582868931,0.367852901,0.536940515,0.388417426,0.125721209,0.120072666
1378,1.45E+12,Evdokimos,-0.012658905,0.054425962,1.902670145,Front,0.26867758,0.321802161,0.224559722,0.33886707,0.20716803,0.19115421,0.378318633,0.176261656,0.297947354,0.059992037,0.117055351,0.120492479,0.165485035,0.453547152,0.334832882,0.450749469,0.361385995,0.089807055,0.091494054
1378,1.45E+12,Evdokimos,-0.057464436,0.058102101,2.097412586,Back,0.266457956,0.329253701,0.251581755,0.227144112,0.211955789,0.185960032,0.378769966,0.170909015,0.30408812,0.061491039,0.117827524,0.117147833,0.160900803,0.470980054,0.458923407,0.470346612,0.489842706,0.081069642,0.084743502
1378,1.45E+12,Evdokimos,-0.05875979,0.085565187,2.154681683,Back,0.290797955,0.284757116,0.250724703,0.236012321,0.203981691,0.188228139,0.373885307,0.170707349,0.305435712,0.0614425,0.116967356,0.116570875,0.162024201,0.476258775,0.378439791,0.475877077,0.456792448,0.093105136,0.101328498
1378,1.45E+12,Evdokimos,-0.059319686,0.105128884,2.198396206,Back,0.258784531,0.308078882,0.255320442,0.290434646,0.205582088,0.192532673,0.378198161,0.185586785,0.306471685,0.061702667,0.118526692,0.116732288,0.162372989,0.481908303,0.366972409,0.480920352,0.431992959,0.101845622,0.105865013
1378,1.45E+12,Evdokimos,-0.046181586,0.102910511,2.270031929,Back,0.232729714,0.329931097,0.243282079,0.330094482,0.210092344,0.187204593,0.378291289,0.172195539,0.309971214,0.062292326,0.118071529,0.113602363,0.157211191,0.485879825,0.43693727,0.48801161,0.422057871,0.091085086,0.106990996
1378,1.45E+12,Evdokimos,-0.030352483,0.120654412,2.335438967,Back,0.251466694,0.332766444,0.238564187,0.269545713,0.20602265,0.18732978,0.374469595,0.168660301,0.307208247,0.061842451,0.118922957,0.111814682,0.1576612,0.490633592,0.421890977,0.492570264,0.421714609,0.094456036,0.096618745
1378,1.45E+12,Evdokimos,-0.024573082,0.136777073,2.387831211,Back,0.259357059,0.321048302,0.259618788,0.25092432,0.176086986,0.212370003,0.369573453,0.173119098,0.308838943,0.062206412,0.115498569,0.113824615,0.156626406,0.49397774,0.44714395,0.498371528,0.39410047,0.093830638,0.103211937
1378,1.45E+12,Evdokimos,-0.030150371,0.134105414,2.435215235,Back,0.253664795,0.32506781,0.242547504,0.30443544,0.179389959,0.20400174,0.3663655,0.176422199,0.303103036,0.06135579,0.113715816,0.113648558,0.156830936,0.497259797,0.458851559,0.500810528,0.419303068,0.070782493,0.083010006
1378,1.45E+12,Evdokimos,-0.035416316,0.160331383,2.484607697,Back,0.257125466,0.338261365,0.241644277,0.298338981,0.198793303,0.192898855,0.373266249,0.169523464,0.299989188,0.060435433,0.119569248,0.114655507,0.163221187,0.502151176,0.44431889,0.50435996,0.387928885,0.079871188,0.107240374
1378,1.45E+12,Evdokimos,-0.03996554,0.158286229,2.515728951,Back,0.260274049,0.30094916,0.247395557,0.267002371,0.198354161,0.198784207,0.377813708,0.166897647,0.302404348,0.060481144,0.118824646,0.117576867,0.164210265,0.50544665,0.425697401,0.506940015,0.385076212,0.088697572,0.101920102
1378,1.45E+12,Evdokimos,-0.061726552,0.165896684,2.53132081,Back,0.240354635,0.314687691,0.249393689,0.250989535,0.203879775,0.196801871,0.378900934,0.168757944,0.30983709,0.06186757,0.118595755,0.116769251,0.16203227,0.507720103,0.41969644,0.507143602,0.4318605,0.082294633,0.090087058
1378,1.45E+12,Evdokimos,-0.076036945,0.180179641,2.547965765,Back,0.227275491,0.33320914,0.250932702,0.271275079,0.210115101,0.187453398,0.376657386,0.176968018,0.30794932,0.062141771,0.120091686,0.115414916,0.162838097,0.510682822,0.426752307,0.509445878,0.448500569,0.073728051,0.078860363
1378,1.45E+12,Evdokimos,-0.091264844,0.174751654,2.561885834,Back,0.243662023,0.329971179,0.244567777,0.281867537,0.206373383,0.189163747,0.375384558,0.177689742,0.302526453,0.061655889,0.121130219,0.115009903,0.164386435,0.514047772,0.424683469,0.513394978,0.442878573,0.072124086,0.073277678
1378,1.45E+12,Evdokimos,-0.088239066,0.166792959,2.579264879,Back,0.252840851,0.322451031,0.24604014,0.269976079,0.20780356,0.185421561,0.374736228,0.169503344,0.305144542,0.061238175,0.119158601,0.115112951,0.162861992,0.518508234,0.41659224,0.517862835,0.429664942,0.081911017,0.0801546
1378,1.45E+12,Evdokimos,-0.072951317,0.185564071,2.593165874,Back,0.255587081,0.314232542,0.240688736,0.262267818,0.194276038,0.207161425,0.378920772,0.181585609,0.303843524,0.062122071,0.119124307,0.117552923,0.163016864,0.52461725,0.422983424,0.521662605,0.405284704,0.076002648,0.094113838
1378,1.45E+12,Evdokimos,-0.07571093,0.183732718,2.594143629,Back,0.265651927,0.30155896,0.241142293,0.293589317,0.217028182,0.188814867,0.384746408,0.171630844,0.30625072,0.061481837,0.121183642,0.116626104,0.165455795,0.526957205,0.422177415,0.526332003,0.403917807,0.077589153,0.099682121
1378,1.45E+12,Evdokimos,-0.067713737,0.178370431,2.595960379,Back,0.26351302,0.308038366,0.246837045,0.287519709,0.201525364,0.199872366,0.380969842,0.167103885,0.304970174,0.061170594,0.120264568,0.116209909,0.163600097,0.529530543,0.417270195,0.52927995,0.407889333,0.079699518,0.093288733
1378,1.45E+12,Evdokimos,-0.064301953,0.167488948,2.601139069,Back,0.25064656,0.318941614,0.257645725,0.25991738,0.184814811,0.207795398,0.374508365,0.1806193,0.300484442,0.060789922,0.117398927,0.117168738,0.161941834,0.531908065,0.413616636,0.531283983,0.404508325,0.081649727,0.097498469
1378,1.45E+12,Evdokimos,-0.058834489,0.14809832,2.605233669,Back,0.293348439,0.303684993,0.249376564,0.308604372,0.195440762,0.198702075,0.372329022,0.177346556,0.305930177,0.061568469,0.116214911,0.116820024,0.161648609,0.534880961,0.406990367,0.533729966,0.398119138,0.082670335,0.100284362
1378,1.45E+12,Evdokimos,-0.068824843,0.118745387,2.61720562,Back,0.259587423,0.316618077,0.266521597,0.264154061,0.18375103,0.19998183,0.35442886,0.169872442,0.313214364,0.063966298,0.110675181,0.112747741,0.157537569,0.538860997,0.401014362,0.539015714,0.388309526,0.080899102,0.100287486
1378,1.45E+12,Evdokimos,-0.068004496,0.10285762,2.623032331,Back,0.274476061,0.287274445,0.270450152,0.27973458,0.19197938,0.190650774,0.354119537,0.174420786,0.31211813,0.063354036,0.11137258,0.111776096,0.156406717,0.543967318,0.394140719,0.542656633,0.380701398,0.076815939,0.097676415
1378,1.45E+12,Evdokimos,-0.069691859,0.100745618,2.622231245,Back,0.26817099,0.279901649,0.290907743,0.268754424,0.190683891,0.19165877,0.353247633,0.174464501,0.313384005,0.063298215,0.111552815,0.111502114,0.15579906,0.546456859,0.394296479,0.544967583,0.38236336,0.0736635,0.099488462
1378,1.45E+12,Evdokimos,-0.067910738,0.096545056,2.623421431,Back,0.267650235,0.300250626,0.290851991,0.258591238,0.188860469,0.193149112,0.351883903,0.174251849,0.314657566,0.063374799,0.111511841,0.111200519,0.155514034,0.54822808,0.391531609,0.546800975,0.385909367,0.071454526,0.093311953
1378,1.45E+12,Evdokimos,-0.072594598,0.10357891,2.623610735,Back,0.268314386,0.274667145,0.269466423,0.284427049,0.200542504,0.181615007,0.350929989,0.174467778,0.317894744,0.063693584,0.111601572,0.110315423,0.155195477,0.549651857,0.389860527,0.549266372,0.375096565,0.080155702,0.095530366
1378,1.45E+12,Evdokimos,-0.080470368,0.104380555,2.626204967,Back,0.269062899,0.268509321,0.268863108,0.298924841,0.214286559,0.167597537,0.351815891,0.18047283,0.316785945,0.063827247,0.11300597,0.109042673,0.155579146,0.55070982,0.388164629,0.55065651,0.377993079,0.077500552,0.092617993
1378,1.45E+12,Evdokimos,-0.080795191,0.094937965,2.632181406,Back,0.279023537,0.315401091,0.295672643,0.305193844,0.211382518,0.170742049,0.353074333,0.184080518,0.314447843,0.063650554,0.114207104,0.108587269,0.156291775,0.551794389,0.38524285,0.551980824,0.378216302,0.071789625,0.097224095
1378,1.45E+12,Evdokimos,-0.078410536,0.082546592,2.635632277,Back,0.295865002,0.320489325,0.294036197,0.300054397,0.201803812,0.179289894,0.353333607,0.183900679,0.313944142,0.063442343,0.11408353,0.108535932,0.155886094,0.553335889,0.381375266,0.553348641,0.377203589,0.073449093,0.105254181
1378,1.45E+12,Evdokimos,-0.079465218,0.087308049,2.636820555,Back,0.285539025,0.310385044,0.276420653,0.299474849,0.198238827,0.181835351,0.352086687,0.183412986,0.314702977,0.063446232,0.113270743,0.108624336,0.155242476,0.555213774,0.380291991,0.554863126,0.373492029,0.077136057,0.099334616
1378,1.45E+12,Evdokimos,-0.080530062,0.099691212,2.637092352,Back,0.28730383,0.307047734,0.287596803,0.30237197,0.199261301,0.178561695,0.348763754,0.18316382,0.316410016,0.063732875,0.112354265,0.108379426,0.154681101,0.557219769,0.376996865,0.556436321,0.373885301,0.076666667,0.089286672
1378,1.45E+12,Evdokimos,-0.08630193,0.122319274,2.638550043,Back,0.294538365,0.282932513,0.29565644,0.296253707,0.206846198,0.171895841,0.349092247,0.184506276,0.32038951,0.064250442,0.112851576,0.107990212,0.155422727,0.558842421,0.374187522,0.556966121,0.367940795,0.076912203,0.097837094
1378,1.45E+12,Evdokimos,-0.02967325,0.171000719,2.766480684,Back,0.290053867,0.25833844,0.257512784,0.269099909,0.190403036,0.209671299,0.370862646,0.167268427,0.315493428,0.063131215,0.115955743,0.116819631,0.161743687,0.507817293,0.407839643,0.540773324,0.35182497,0.094486618,0.103806504
1378,1.45E+12,Evdokimos,0.079217181,0.21359013,2.971031666,Back,0.26735349,0.282591306,0.25467727,0.321248483,0.170512331,0.217305688,0.361963351,0.175608102,0.320203115,0.065174492,0.111406126,0.116985696,0.158800518,0.555528594,0.379747369,0.543823416,0.36847052,0.087233363,0.096646304
1378,1.45E+12,Evdokimos,0.08615236,0.239792973,3.022123098,Back,0.282440978,0.277019984,0.275835526,0.293457782,0.165207273,0.209668215,0.353816176,0.176608587,0.322173672,0.063894849,0.111739506,0.110633491,0.155786398,0.561244802,0.369983189,0.531876032,0.397086533,0.071569743,0.102636833
1378,1.45E+12,Evdokimos,0.08475408,0.25691846,3.076152325,Back,0.271955942,0.321030956,0.260675952,0.291782752,0.200823686,0.188122693,0.369264815,0.177206083,0.30979144,0.062498779,0.117314711,0.11482164,0.160385437,0.540400431,0.351734868,0.529090239,0.403962567,0.09156638,0.100877748
1378,1.45E+12,Evdokimos,0.073648937,0.262777001,3.130273342,Back,0.285363165,0.267624658,0.26085087,0.286351984,0.173990317,0.200751444,0.356553486,0.182156011,0.317648043,0.064158812,0.10476642,0.116857699,0.155292466,0.535343645,0.355675525,0.570642482,0.410449442,0.091909492,0.098703603
1378,1.45E+12,Evdokimos,0.054472491,0.271787822,3.175582886,Back,0.280056989,0.320876823,0.289261733,0.30997853,0.168904633,0.204073444,0.35321738,0.177920654,0.322059291,0.06595251,0.105111055,0.114577681,0.151399105,0.535953571,0.348616855,0.568091356,0.404225452,0.097872568,0.080447834
1378,1.45E+12,Evdokimos,-0.024156841,0.216685683,3.452709198,Back,0.280286639,0.314927655,0.294646709,0.308409516,0.178084391,0.150593985,0.31137841,0.188173515,0.326937371,0.067105462,0.104719826,0.100665602,0.147233367,0.517625308,0.352607847,0.5159881,0.374169078,0.097862146,0.105771375
1378,1.45E+12,Evdokimos,-0.02519175,0.227387473,3.451546907,Back,0.271026521,0.307983543,0.286945793,0.317246931,0.19895002,0.163945884,0.318646266,0.171011084,0.35787212,0.070368138,0.105528529,0.099824508,0.147102464,0.52705065,0.362188774,0.53219353,0.354620082,0.089623894,0.099196323
1378,1.45E+12,Evdokimos,-0.022759343,0.223736063,3.452424765,Back,0.286559367,0.308052666,0.282826884,0.307186089,0.181579687,0.131330143,0.311267334,0.212044824,0.265566137,0.064636612,0.105353732,0.099571815,0.143982102,0.521269058,0.357956783,0.525478344,0.371356054,0.100642353,0.10331642
1378,1.45E+12,Evdokimos,-0.028555946,0.229235396,3.44968605,Back,0.307555994,0.306983985,0.300405376,0.300362527,0.16506259,0.154819772,0.30786946,0.184822347,0.329166464,0.064572479,0.10049916,0.096520098,0.139915372,0.524542076,0.350176384,0.541025772,0.377105467,0.081107062,0.093524154
1378,1.45E+12,Evdokimos,-0.025200186,0.229853585,3.453542709,Back,0.301764039,0.305948849,0.302400508,0.310191284,0.16994304,0.166382922,0.316452314,0.191310718,0.328241791,0.07105931,0.098282869,0.096055558,0.136467789,0.520412224,0.369475207,0.552650165,0.365127939,0.077900772,0.102005612
1378,1.45E+12,Evdokimos,-0.02766384,0.241971478,3.453267336,Back,0.296389064,0.314768,0.292420091,0.292044242,0.187121839,0.175785974,0.331347116,0.180784007,0.32688855,0.06877557,0.103932459,0.100630435,0.143652115,0.542837505,0.339672351,0.548396538,0.364041192,0.079858365,0.099925081
1378,1.45E+12,Evdokimos,-0.02985267,0.302933007,3.487750769,Back,0.266030628,0.302550224,0.273293597,0.302017933,0.208692913,0.164770831,0.353886019,0.180764341,0.317316701,0.063936238,0.113279272,0.104774386,0.148957656,0.563813306,0.397495608,0.558472718,0.363552391,0.08970647,0.087728718
1378,1.45E+12,Evdokimos,0.013793604,0.328946382,3.515805483,Back,0.258264106,0.300414439,0.304831889,0.260875765,0.187446905,0.177543071,0.346100052,0.175509087,0.313005188,0.062984502,0.107504277,0.107383057,0.148004828,0.479941728,0.337332808,0.555954927,0.344246765,0.096814181,0.092737544
1378,1.45E+12,Evdokimos,0.057104044,0.344607323,3.576994419,Back,0.309434996,0.283726406,0.236843334,0.300286097,0.176468924,0.189417484,0.349360765,0.185479452,0.307346225,0.063093538,0.113637166,0.11141607,0.157731382,0.474352998,0.323198842,0.523947146,0.373116542,0.070212071,0.107372374
1378,1.45E+12,Evdokimos,0.091228366,0.361268878,3.616387606,Back,0.271725236,0.326768469,0.300195321,0.523113773,0.145546699,0.18499174,0.118941612,0.217634905,0.381155333,0.074795582,0.025672804,0.043728865,0.030526651,0.479098523,0.312085492,0.547307515,0.361658275,0.08739419,0.083252101
1378,1.45E+12,Evdokimos,-0.079170153,0.264934331,3.009757042,Back,0.242641125,0.323693415,0.264228149,0.308137615,0.182427045,0.211290614,0.372188495,0.177821472,0.318091714,0.063948328,0.113723649,0.118611619,0.160416471,0.526713134,0.360299333,0.466783522,0.403544998,0.088527831,0.095874858
1378,1.45E+12,Evdokimos,-0.07384944,0.255764902,2.921010733,Back,0.2642356,0.303370248,0.255205899,0.2533522,0.201889779,0.198806934,0.383104489,0.177612881,0.308171455,0.062159628,0.119732236,0.118534881,0.165198296,0.535703576,0.361620584,0.521838296,0.402756534,0.10531029,0.092864401
1378,1.45E+12,Evdokimos,-0.069330923,0.230423421,2.855628014,Back,0.290875019,0.26718391,0.253406369,0.266906577,0.212910495,0.187262828,0.379620055,0.174755544,0.308277697,0.062018867,0.122175835,0.114710014,0.16443607,0.550010151,0.38974171,0.514329185,0.405612045,0.102552407,0.096882857
1378,1.45E+12,Evdokimos,-0.068034321,0.2028891,2.765682459,Back,0.29433044,0.31284387,0.259730899,0.311181933,0.204133049,0.193255177,0.372035909,0.172973786,0.318497422,0.064472854,0.119575524,0.114187864,0.162441058,0.547625554,0.410846041,0.539452459,0.39380231,0.081174147,0.08404969
1378,1.45E+12,Evdokimos,-0.123442985,0.163363427,2.533679247,Back,0.280911331,0.297960575,0.263022914,0.293883316,0.218225824,0.186345754,0.382327131,0.176817486,0.309679415,0.062332455,0.122815275,0.115157011,0.16530594,0.583535365,0.408983631,0.547834525,0.371433058,0.091837721,0.100169183
1378,1.45E+12,Evdokimos,-0.128676638,0.149926931,2.449696302,Back,0.269019683,0.310405021,0.263724483,0.284884664,0.208535646,0.192782279,0.380452632,0.177827952,0.302868919,0.061161108,0.120432975,0.119747506,0.167493538,0.534610471,0.412414319,0.54392394,0.379373131,0.101689939,0.102439752
